Frame,Time (s),X (µm),Y (µm)
0,0.0,31.585,23.723
1,0.05,31.645,23.493
2,0.1,31.75,23.58
3,0.15,31.511,23.44
4,0.2,31.641,23.715
5,0.25,31.638,23.529
6,0.3,31.391,23.216
7,0.35,31.474,23.548
8,0.4,31.139,23.529
9,0.45,31.027,23.612
10,0.5,30.979,23.551
11,0.55,31.174,23.797
12,0.6,31.237,23.991
13,0.65,31.209,24.307
14,0.7,31.2,24.149
15,0.75,31.412,24.385
16,0.8,31.178,24.195
17,0.85,31.788,24.246
18,0.9,31.594,24.391
19,0.95,31.992,23.984
20,1.0,31.779,24.193
21,1.05,31.472,24.02
22,1.1,30.826,23.972
23,1.15,30.319,23.943
24,1.2,30.521,23.523
25,1.25,30.558,23.449
26,1.3,30.972,23.262
27,1.35,30.849,22.854
28,1.4,30.939,23.045
29,1.45,31.344,23.229
30,1.5,31.454,23.053
31,1.55,31.349,23.035
32,1.6,31.076,23.254
33,1.65,31.215,23.446
34,1.7,31.117,23.644
35,1.75,31.265,23.639
36,1.8,31.461,23.45
37,1.85,31.827,23.414
38,1.9,32.032,23.568
39,1.95,31.767,23.694
40,2.0,31.978,24.016
41,2.05,31.948,24.161
42,2.1,32.196,24.206
43,2.15,32.217,23.928
44,2.2,31.914,24.375
45,2.25,31.887,24.395
46,2.3,31.956,24.066
47,2.35,31.676,24.375
48,2.4,31.682,24.255
49,2.45,31.996,24.509
50,2.5,32.276,24.371
51,2.55,31.874,24.534
52,2.6,31.951,24.428
53,2.65,32.23,24.283
54,2.7,32.193,24.226
55,2.75,32.326,24.359
56,2.8,32.202,24.565
57,2.85,32.08,24.797
58,2.9,31.829,24.774
59,2.95,31.857,25.005
60,3.0,31.815,24.578
61,3.05,31.256,24.379
62,3.1,31.266,24.161
63,3.15,30.989,24.316
64,3.2,31.065,24.323
65,3.25,30.92,24.536
66,3.3,30.611,24.285
67,3.35,30.872,24.181
68,3.4,31.081,24.413
69,3.45,30.66,24.267
70,3.5,30.264,24.081
71,3.55,30.098,24.44
72,3.6,30.162,24.69
73,3.65,29.888,24.629
74,3.7,29.797,24.87
75,3.75,29.777,24.365
76,3.8,29.862,24.158
77,3.85,29.84,24.572
78,3.9,29.856,24.868
79,3.95,30.082,24.736
80,4.0,30.196,24.801
81,4.05,30.184,24.932
82,4.1,30.025,24.701
83,4.15,29.695,24.367
84,4.2,29.972,23.792
85,4.25,30.411,23.773
86,4.3,29.84,23.714
87,4.35,29.862,23.477
88,4.4,30.064,23.232
89,4.45,30.109,23.096
90,4.5,29.583,23.137
91,4.55,28.941,23.305
92,4.6,28.954,23.61
93,4.65,28.715,23.787
94,4.7,28.223,23.86
95,4.75,28.154,23.68
96,4.8,28.053,23.733
97,4.85,27.706,24.062
98,4.9,27.812,23.803
99,4.95,27.698,23.539
100,5.0,27.908,23.294
101,5.05,28.225,23.308
102,5.1,28.004,23.335
103,5.15,27.906,23.623
104,5.2,27.787,23.562
105,5.25,27.763,23.833
106,5.3,27.577,23.803
107,5.35,27.428,24.017
108,5.4,27.382,23.994
109,5.45,27.287,23.984
110,5.5,26.888,24.088
111,5.55,27.026,23.772
112,5.6,26.76,23.574
113,5.65,26.827,23.767
114,5.7,26.748,24.073
115,5.75,26.874,23.916
116,5.8,26.904,23.951
117,5.85,27.127,24.17
118,5.9,27.046,23.986
119,5.95,27.247,24.093
120,6.0,27.522,24.15
121,6.05,27.075,24.131
122,6.1,27.029,24.002
123,6.15,26.844,23.851
124,6.2,26.757,23.845
125,6.25,27.019,23.768
126,6.3,26.889,23.74
127,6.35,26.758,23.273
128,6.4,26.602,23.133
129,6.45,26.878,23.424
130,6.5,26.744,23.464
131,6.55,26.675,23.532
132,6.6,26.637,23.43
133,6.65,26.741,23.649
134,6.7,26.717,23.407
135,6.75,26.97,23.565
136,6.8,26.994,23.494
137,6.85,27.172,23.737
138,6.9,27.398,23.648
139,6.95,27.675,23.817
140,7.0,27.434,23.886
141,7.05,27.378,24.057
142,7.1,27.446,23.69
143,7.15,27.497,23.808
144,7.2,27.508,23.566
145,7.25,27.56,23.879
146,7.3,27.823,23.908
147,7.35,27.629,24.32
148,7.4,27.72,24.332
149,7.45,26.945,24.032
150,7.5,27.36,23.91
151,7.55,26.773,23.965
152,7.6,27.134,23.468
153,7.65,26.822,23.552
154,7.7,26.69,23.852
155,7.75,26.659,23.622
156,7.8,26.954,23.464
157,7.85,26.818,23.758
158,7.9,26.552,23.903
159,7.95,26.668,24.244
160,8.0,26.788,24.106
161,8.05,26.475,23.822
162,8.1,26.404,23.973
163,8.15,26.379,24.127
164,8.2,26.586,24.097
165,8.25,26.655,24.112
166,8.3,26.76,24.165
167,8.35,26.469,24.175
168,8.4,26.747,24.333
169,8.45,26.886,24.277
170,8.5,27.206,24.181
171,8.55,27.242,24.009
172,8.6,27.073,23.939
173,8.65,26.901,24.178
174,8.7,27.249,24.594
175,8.75,27.228,24.653
176,8.8,27.3,24.677
177,8.85,27.287,24.337
178,8.9,27.32,24.469
179,8.95,27.601,24.419
180,9.0,27.84,24.765
181,9.05,27.82,24.629
182,9.1,27.628,24.543
183,9.15,27.525,24.533
184,9.2,27.622,24.367
185,9.25,27.718,24.341
186,9.3,27.751,24.132
187,9.35,27.686,23.936
188,9.4,27.336,24.2
189,9.45,27.371,24.269
190,9.5,27.322,24.241
191,9.55,27.242,24.482
192,9.6,27.242,24.317
193,9.65,27.385,24.666
194,9.7,27.219,24.604
195,9.75,27.233,24.22
196,9.8,27.146,24.521
197,9.85,26.804,24.304
198,9.9,26.743,24.684
199,9.95,27.231,24.311
200,10.0,27.243,24.316
201,10.05,27.158,24.262
202,10.1,27.275,24.521
203,10.15,27.015,24.306
204,10.2,26.927,24.168
205,10.25,27.063,24.37
206,10.3,27.161,24.596
207,10.35,27.425,24.837
208,10.4,27.476,24.675
209,10.45,27.55,24.708
210,10.5,27.226,24.608
211,10.55,27.0,24.573
212,10.6,27.427,24.525
213,10.65,27.732,24.593
214,10.7,27.463,24.773
215,10.75,27.111,24.757
216,10.8,27.158,24.655
217,10.85,27.166,24.887
218,10.9,27.111,24.948
219,10.95,27.089,24.925
220,11.0,27.299,24.875
221,11.05,27.403,25.093
222,11.1,26.957,24.998
223,11.15,27.147,25.252
224,11.2,27.16,25.579
225,11.25,27.042,25.649
226,11.3,27.151,25.758
227,11.35,27.186,25.797
228,11.4,27.157,26.123
229,11.45,27.39,26.081
230,11.5,26.872,25.672
231,11.55,26.86,25.801
232,11.6,27.087,25.766
233,11.65,27.085,25.938
234,11.7,27.532,25.852
235,11.75,27.513,25.725
236,11.8,27.911,25.663
237,11.85,27.636,25.59
238,11.9,27.542,25.369
239,11.95,27.352,25.359
240,12.0,27.122,25.495
241,12.05,26.954,25.394
242,12.1,27.07,25.467
243,12.15,26.978,25.508
244,12.2,26.818,25.28
245,12.25,26.749,25.712
246,12.3,27.048,25.397
247,12.35,27.035,25.475
248,12.4,26.665,25.321
249,12.45,26.599,25.436
250,12.5,26.672,25.309
251,12.55,26.755,25.732
252,12.6,26.391,25.883
253,12.65,25.909,25.615
254,12.7,26.281,25.753
255,12.75,26.523,25.517
256,12.8,26.506,25.485
257,12.85,26.393,25.372
258,12.9,26.385,25.31
259,12.95,26.453,25.357
260,13.0,26.74,25.466
261,13.05,26.386,25.589
262,13.1,26.905,25.425
263,13.15,26.471,25.809
264,13.2,26.758,25.81
265,13.25,26.718,25.619
266,13.3,26.572,25.432
267,13.35,26.516,25.321
268,13.4,26.23,25.006
269,13.45,26.064,24.567
270,13.5,26.233,24.943
271,13.55,25.766,24.82
272,13.6,25.753,25.059
273,13.65,26.414,24.285
274,13.7,26.436,24.469
275,13.75,26.051,24.511
276,13.8,26.22,24.967
277,13.85,26.296,25.268
278,13.9,26.243,25.459
279,13.95,25.994,25.676
280,14.0,25.674,25.633
281,14.05,25.831,25.622
282,14.1,25.658,25.552
283,14.15,25.817,25.17
284,14.2,25.701,25.497
285,14.25,25.766,25.462
286,14.3,25.742,25.49
287,14.35,25.58,24.952
288,14.4,25.796,25.014
289,14.45,25.952,24.955
290,14.5,26.166,24.785
291,14.55,25.881,24.818
292,14.6,25.634,25.229
293,14.65,25.867,24.846
294,14.7,26.156,24.689
295,14.75,25.797,24.544
296,14.8,25.727,24.656
297,14.85,25.651,24.664
298,14.9,25.789,24.615
299,14.95,25.591,24.662
300,15.0,25.498,24.75
301,15.05,25.702,24.302
302,15.1,25.772,24.235
303,15.15,25.758,24.033
304,15.2,25.535,24.171
305,15.25,25.86,24.318
306,15.3,25.96,24.631
307,15.35,26.136,24.577
308,15.4,26.128,24.32
309,15.45,25.98,24.195
310,15.5,25.908,24.508
311,15.55,25.684,24.669
312,15.6,25.669,24.625
313,15.65,25.744,24.329
314,15.7,25.785,24.459
315,15.75,26.021,24.751
316,15.8,26.268,24.707
317,15.85,26.474,24.432
318,15.9,26.273,24.291
319,15.95,26.313,24.259
320,16.0,26.308,24.401
321,16.05,26.166,24.248
322,16.1,26.36,23.838
323,16.15,26.482,23.561
324,16.2,26.857,23.518
325,16.25,26.717,23.29
326,16.3,26.343,23.488
327,16.35,26.35,23.413
328,16.4,26.229,22.999
329,16.45,26.256,22.787
330,16.5,26.302,22.854
331,16.55,26.602,23.163
332,16.6,26.782,22.723
333,16.65,26.672,22.769
334,16.7,26.683,22.838
335,16.75,26.824,22.986
336,16.8,27.058,22.962
337,16.85,27.277,23.282
338,16.9,27.362,23.136
339,16.95,27.479,22.99
340,17.0,27.309,23.244
341,17.05,27.161,23.323
342,17.1,27.214,23.215
343,17.15,27.363,23.201
344,17.2,27.211,23.195
345,17.25,27.281,23.407
346,17.3,27.529,23.646
347,17.35,27.391,24.031
348,17.4,27.025,24.014
349,17.45,26.942,24.184
350,17.5,26.783,23.982
351,17.55,26.857,24.264
352,17.6,26.618,24.781
353,17.65,26.504,24.773
354,17.7,26.536,24.581
355,17.75,26.582,24.264
356,17.8,26.836,24.289
357,17.85,26.761,24.172
358,17.9,26.669,24.103
359,17.95,26.778,24.342
360,18.0,26.972,24.606
361,18.05,27.232,24.789
362,18.1,27.497,24.681
363,18.15,27.522,25.176
364,18.2,27.279,25.538
365,18.25,27.552,25.346
366,18.3,27.278,25.151
367,18.35,27.141,25.028
368,18.4,27.27,25.108
369,18.45,27.496,25.024
370,18.5,27.278,24.989
371,18.55,27.39,24.724
372,18.6,27.099,24.679
373,18.65,27.106,24.628
374,18.7,27.07,24.192
375,18.75,27.398,24.579
376,18.8,27.13,24.929
377,18.85,27.065,25.041
378,18.9,27.151,25.164
379,18.95,26.903,25.05
380,19.0,26.906,25.111
381,19.05,27.114,24.987
382,19.1,27.64,24.614
383,19.15,27.709,24.449
384,19.2,27.401,24.498
385,19.25,27.418,24.651
386,19.3,27.458,24.794
387,19.35,27.478,25.007
388,19.4,27.336,25.61
389,19.45,27.065,25.817
390,19.5,27.205,25.648
391,19.55,27.521,25.711
392,19.6,27.354,25.616
393,19.65,27.268,25.715
394,19.7,27.277,25.499
395,19.75,26.971,25.135
396,19.8,26.688,25.369
397,19.85,26.823,25.195
398,19.9,26.728,25.207
399,19.95,26.911,25.086
400,20.0,26.434,25.257
401,20.05,26.436,24.815
402,20.1,26.527,25.45
403,20.15,26.622,25.848
404,20.2,26.661,25.262
405,20.25,26.701,25.448
406,20.3,26.881,25.337
407,20.35,26.695,25.572
408,20.4,26.446,25.301
409,20.45,26.554,25.471
410,20.5,26.804,25.221
411,20.55,26.339,25.014
412,20.6,26.468,24.576
413,20.65,26.761,24.684
414,20.7,26.444,24.657
415,20.75,26.29,24.806
416,20.8,26.286,24.698
417,20.85,26.102,24.594
418,20.9,25.961,24.558
419,20.95,25.786,24.658
420,21.0,25.855,24.401
421,21.05,25.981,24.601
422,21.1,25.903,24.308
423,21.15,26.118,24.488
424,21.2,26.496,23.966
425,21.25,26.816,23.703
426,21.3,26.648,23.204
427,21.35,26.752,23.274
428,21.4,26.74,23.096
429,21.45,26.295,23.487
430,21.5,26.133,23.705
431,21.55,26.735,23.616
432,21.6,26.829,23.889
433,21.65,26.865,23.64
434,21.7,27.115,23.424
435,21.75,27.144,23.511
436,21.8,27.114,23.563
437,21.85,27.036,23.717
438,21.9,27.359,23.924
439,21.95,27.804,23.865
440,22.0,28.106,23.886
441,22.05,27.863,23.705
442,22.1,27.476,23.863
443,22.15,27.681,23.575
444,22.2,27.871,23.452
445,22.25,27.698,23.933
446,22.3,27.848,23.523
447,22.35,27.636,23.656
448,22.4,27.821,23.596
449,22.45,27.787,23.718
450,22.5,28.012,23.792
451,22.55,27.93,23.687
452,22.6,27.675,23.583
453,22.65,27.765,23.406
454,22.7,27.55,23.205
455,22.75,27.487,23.356
456,22.8,27.077,23.335
457,22.85,27.191,23.112
458,22.9,27.623,22.62
459,22.95,27.835,22.652
460,23.0,27.514,22.428
461,23.05,27.392,22.336
462,23.1,27.178,22.554
463,23.15,26.794,22.458
464,23.2,27.373,22.992
465,23.25,27.427,23.24
466,23.3,27.355,23.03
467,23.35,27.49,23.227
468,23.4,27.071,23.081
469,23.45,26.971,23.2
470,23.5,26.999,23.109
471,23.55,27.14,23.048
472,23.6,27.656,22.6
473,23.65,27.523,22.597
474,23.7,27.637,22.818
475,23.75,27.581,22.627
476,23.8,27.943,22.449
477,23.85,28.343,22.324
478,23.9,28.445,22.219
479,23.95,28.49,22.349
480,24.0,28.783,22.353
481,24.05,28.619,22.193
482,24.1,29.043,22.203
483,24.15,29.175,22.153
484,24.2,28.957,21.977
485,24.25,29.117,22.003
486,24.3,28.902,22.09
487,24.35,28.89,21.943
488,24.4,28.84,21.963
489,24.45,29.016,21.936
490,24.5,28.696,21.661
491,24.55,28.623,21.913
492,24.6,28.354,21.876
493,24.65,28.025,21.788
494,24.7,28.179,21.95
495,24.75,28.552,21.91
496,24.8,28.61,22.173
497,24.85,28.699,22.181
498,24.9,29.163,22.054
499,24.95,29.169,21.938
500,25.0,29.125,21.913
501,25.05,28.906,22.085
502,25.1,28.897,21.945
503,25.15,29.145,22.041
504,25.2,29.489,22.266
505,25.25,29.167,22.008
506,25.3,28.834,22.136
507,25.35,28.63,22.301
508,25.4,28.693,22.4
509,25.45,28.57,21.954
510,25.5,28.481,21.801
511,25.55,28.521,22.185
512,25.6,28.659,22.141
513,25.65,28.686,22.42
514,25.7,29.097,22.633
515,25.75,28.828,22.621
516,25.8,28.496,22.971
517,25.85,28.636,22.921
518,25.9,28.856,22.878
519,25.95,29.013,22.813
520,26.0,28.739,22.993
521,26.05,28.663,22.83
522,26.1,28.573,22.788
523,26.15,28.825,23.024
524,26.2,28.656,23.198
525,26.25,28.626,23.082
526,26.3,28.873,23.395
527,26.35,28.724,23.343
528,26.4,28.674,23.802
529,26.45,28.889,23.328
530,26.5,28.85,23.693
531,26.55,29.064,23.874
532,26.6,28.977,23.991
533,26.65,29.07,23.963
534,26.7,29.31,23.875
535,26.75,29.206,24.045
536,26.8,29.381,23.824
537,26.85,29.695,23.688
538,26.9,29.673,23.885
539,26.95,29.297,23.639
540,27.0,29.076,23.311
541,27.05,29.217,23.117
542,27.1,29.092,23.126
543,27.15,29.316,22.973
544,27.2,28.917,22.9
545,27.25,28.125,22.346
546,27.3,27.95,22.274
547,27.35,28.028,22.116
548,27.4,28.237,22.015
549,27.45,28.407,22.302
550,27.5,28.447,22.271
551,27.55,28.542,22.14
552,27.6,28.83,22.005
553,27.65,28.666,22.191
554,27.7,28.853,22.06
555,27.75,28.807,22.055
556,27.8,28.587,22.137
557,27.85,28.318,22.551
558,27.9,28.591,22.375
559,27.95,28.391,22.508
560,28.0,28.652,22.492
561,28.05,28.54,22.699
562,28.1,28.485,22.888
563,28.15,28.721,22.789
564,28.2,29.117,22.902
565,28.25,29.024,22.761
566,28.3,29.251,22.983
567,28.35,29.326,22.98
568,28.4,29.234,23.086
569,28.45,29.238,22.74
570,28.5,29.769,22.596
571,28.55,29.741,22.605
572,28.6,29.678,22.357
573,28.65,30.07,22.055
574,28.7,30.405,22.074
575,28.75,30.494,22.129
576,28.8,30.33,21.814
577,28.85,30.227,21.86
578,28.9,30.108,21.952
579,28.95,30.105,21.772
580,29.0,30.228,21.807
581,29.05,30.107,21.848
582,29.1,30.141,21.705
583,29.15,30.131,21.481
584,29.2,30.069,21.645
585,29.25,30.376,22.066
586,29.3,30.657,22.112
587,29.35,30.619,22.019
588,29.4,30.625,21.811
589,29.45,30.62,21.86
590,29.5,30.638,21.649
591,29.55,30.761,21.447
592,29.6,30.49,21.703
593,29.65,30.306,21.623
594,29.7,30.318,21.599
595,29.75,30.203,21.428
596,29.8,30.114,21.569
597,29.85,29.702,21.919
598,29.9,29.821,22.098
599,29.95,29.498,22.281
600,30.0,29.805,22.053
601,30.05,29.47,21.823
602,30.1,29.647,21.782
603,30.15,29.187,21.618
604,30.2,28.764,21.299
605,30.25,28.696,21.381
606,30.3,28.804,21.433
607,30.35,28.97,21.46
608,30.4,29.075,21.107
609,30.45,29.194,21.32
610,30.5,29.565,21.463
611,30.55,29.814,21.283
612,30.6,29.726,21.592
613,30.65,29.558,21.418
614,30.7,29.643,21.427
615,30.75,29.717,21.364
616,30.8,29.816,21.151
617,30.85,29.874,21.412
618,30.9,29.487,21.308
619,30.95,29.579,21.423
620,31.0,29.153,21.259
621,31.05,29.025,21.461
622,31.1,28.734,21.653
623,31.15,28.231,21.86
624,31.2,28.607,21.86
625,31.25,28.433,21.785
626,31.3,28.438,21.65
627,31.35,28.599,21.663
628,31.4,28.974,21.685
629,31.45,28.998,21.616
630,31.5,28.654,21.764
631,31.55,28.736,21.823
632,31.6,28.72,21.701
633,31.65,28.384,21.836
634,31.7,28.501,21.916
635,31.75,28.726,21.724
636,31.8,28.497,21.733
637,31.85,28.652,21.857
638,31.9,28.382,22.537
639,31.95,28.247,22.905
640,32.0,27.974,22.534
641,32.05,27.903,22.795
642,32.1,27.815,22.77
643,32.15,27.921,22.713
644,32.2,28.061,22.962
645,32.25,28.107,22.984
646,32.3,28.05,22.995
647,32.35,27.94,23.29
648,32.4,28.321,23.022
649,32.45,28.493,22.485
650,32.5,28.701,22.669
651,32.55,28.947,22.61
652,32.6,28.605,22.339
653,32.65,29.016,22.563
654,32.7,29.199,22.576
655,32.75,29.024,22.761
656,32.8,29.541,22.651
657,32.85,29.767,22.739
658,32.9,30.082,22.904
659,32.95,30.285,22.7
660,33.0,30.073,22.348
661,33.05,29.852,22.307
662,33.1,29.802,22.338
663,33.15,29.664,22.235
664,33.2,30.061,22.062
665,33.25,30.173,21.706
666,33.3,30.161,21.651
667,33.35,29.893,21.61
668,33.4,29.779,21.463
669,33.45,29.888,21.252
670,33.5,30.1,21.039
671,33.55,29.915,21.123
672,33.6,30.198,20.946
673,33.65,30.615,20.781
674,33.7,30.99,20.729
675,33.75,31.528,20.447
676,33.8,31.379,20.68
677,33.85,31.235,21.096
678,33.9,31.382,20.787
679,33.95,31.134,20.843
680,34.0,31.041,20.742
681,34.05,30.926,20.776
682,34.1,30.671,21.016
683,34.15,30.697,21.045
684,34.2,30.723,20.811
685,34.25,30.689,20.551
686,34.3,30.524,20.237
687,34.35,30.652,20.335
688,34.4,30.368,20.086
689,34.45,30.394,20.057
690,34.5,30.184,19.947
691,34.55,30.233,19.788
692,34.6,30.245,19.476
693,34.65,30.5,19.363
694,34.7,30.2,19.756
695,34.75,30.244,19.554
696,34.8,30.26,19.58
697,34.85,30.415,19.608
698,34.9,30.249,19.259
699,34.95,30.246,19.218
700,35.0,30.015,19.561
701,35.05,29.428,19.602
702,35.1,29.559,19.507
703,35.15,29.842,19.667
704,35.2,29.956,19.478
705,35.25,29.917,19.326
706,35.3,30.106,19.231
707,35.35,29.854,18.936
708,35.4,29.648,18.767
709,35.45,29.577,18.64
710,35.5,29.612,18.464
711,35.55,29.593,18.841
712,35.6,29.236,18.79
713,35.65,29.283,18.541
714,35.7,29.373,18.566
715,35.75,29.052,18.547
716,35.8,28.953,18.726
717,35.85,28.697,18.777
718,35.9,29.035,18.547
719,35.95,29.258,18.277
720,36.0,29.119,18.177
721,36.05,28.832,18.426
722,36.1,29.202,18.447
723,36.15,29.333,18.527
724,36.2,29.795,18.651
725,36.25,29.508,19.042
726,36.3,29.666,18.748
727,36.35,29.678,18.787
728,36.4,29.589,18.527
729,36.45,29.534,18.122
730,36.5,29.643,18.253
731,36.55,29.615,18.29
732,36.6,29.514,18.334
733,36.65,29.513,18.023
734,36.7,29.107,18.114
735,36.75,29.085,18.06
736,36.8,29.249,17.825
737,36.85,29.26,17.642
738,36.9,28.854,17.792
739,36.95,28.973,18.023
740,37.0,29.015,17.771
741,37.05,28.789,17.729
742,37.1,28.836,17.589
743,37.15,28.785,17.498
744,37.2,28.934,17.529
745,37.25,28.785,17.607
746,37.3,28.387,17.463
747,37.35,28.584,17.262
748,37.4,28.711,17.472
749,37.45,28.853,17.234
750,37.5,28.435,17.279
751,37.55,28.51,17.19
752,37.6,28.889,17.204
753,37.65,28.896,17.091
754,37.7,28.99,16.969
755,37.75,28.848,17.026
756,37.8,28.885,16.988
757,37.85,28.898,17.144
758,37.9,28.6,17.053
759,37.95,28.513,17.233
760,38.0,28.473,16.955
761,38.05,28.967,17.162
762,38.1,28.79,17.217
763,38.15,28.651,17.199
764,38.2,28.657,17.145
765,38.25,28.417,17.184
766,38.3,28.178,16.881
767,38.35,28.514,16.678
768,38.4,28.492,16.772
769,38.45,28.499,17.01
770,38.5,28.209,16.982
771,38.55,28.528,17.064
772,38.6,28.707,17.232
773,38.65,28.722,17.495
774,38.7,28.432,17.304
775,38.75,28.144,17.449
776,38.8,27.706,17.149
777,38.85,27.447,17.143
778,38.9,27.466,17.336
779,38.95,27.657,17.166
780,39.0,27.865,17.186
781,39.05,27.565,17.45
782,39.1,27.446,17.607
783,39.15,27.216,17.48
784,39.2,27.313,17.684
785,39.25,27.329,17.763
786,39.3,27.368,17.63
787,39.35,27.235,17.739
788,39.4,27.245,17.801
789,39.45,27.594,17.763
790,39.5,27.593,17.705
791,39.55,27.492,17.894
792,39.6,27.52,17.682
793,39.65,27.748,17.474
794,39.7,27.695,17.709
795,39.75,27.73,17.407
796,39.8,27.805,17.703
797,39.85,27.814,17.889
798,39.9,27.996,17.935
799,39.95,28.079,17.919
800,40.0,28.215,17.959
801,40.05,27.855,18.026
802,40.1,27.922,18.072
803,40.15,28.293,18.027
804,40.2,28.344,17.929
805,40.25,27.998,17.785
806,40.3,27.652,17.768
807,40.35,27.287,17.808
808,40.4,27.934,18.054
809,40.45,28.181,18.068
810,40.5,28.019,18.198
811,40.55,28.148,17.996
812,40.6,28.076,17.574
813,40.65,27.939,17.482
814,40.7,28.001,17.18
815,40.75,28.028,17.339
816,40.8,28.025,17.369
817,40.85,28.09,17.454
818,40.9,27.738,17.521
819,40.95,27.717,17.169
820,41.0,27.751,16.987
821,41.05,27.735,17.115
822,41.1,27.78,16.925
823,41.15,27.562,17.248
824,41.2,27.808,17.287
825,41.25,27.591,17.198
826,41.3,27.989,17.638
827,41.35,27.884,17.641
828,41.4,27.759,17.581
829,41.45,27.607,17.271
830,41.5,27.579,17.526
831,41.55,27.426,17.928
832,41.6,27.846,17.924
833,41.65,28.06,17.649
834,41.7,28.315,17.31
835,41.75,28.008,17.312
836,41.8,28.639,17.272
837,41.85,28.999,17.455
838,41.9,29.198,17.624
839,41.95,29.135,17.738
840,42.0,29.353,17.973
841,42.05,29.453,18.038
842,42.1,29.202,18.149
843,42.15,28.859,17.808
844,42.2,28.59,17.983
845,42.25,28.606,18.082
846,42.3,28.519,18.497
847,42.35,28.733,18.327
848,42.4,28.721,18.165
849,42.45,28.712,17.806
850,42.5,29.256,18.107
851,42.55,29.154,18.396
852,42.6,29.442,18.352
853,42.65,29.188,18.496
854,42.7,28.95,18.353
855,42.75,28.734,18.295
856,42.8,28.69,18.714
857,42.85,28.566,18.948
858,42.9,28.634,18.911
859,42.95,28.32,18.93
860,43.0,28.698,19.097
861,43.05,28.693,18.92
862,43.1,28.984,19.206
863,43.15,29.189,19.742
864,43.2,28.747,19.764
865,43.25,28.451,20.129
866,43.3,28.447,19.91
867,43.35,28.563,19.935
868,43.4,28.514,20.05
869,43.45,28.551,19.781
870,43.5,28.707,19.151
871,43.55,28.644,19.425
872,43.6,28.742,19.151
873,43.65,28.486,19.517
874,43.7,28.268,19.449
875,43.75,28.48,19.348
876,43.8,28.641,19.425
877,43.85,28.732,19.49
878,43.9,28.876,19.531
879,43.95,28.684,19.638
880,44.0,29.042,19.587
881,44.05,28.828,19.424
882,44.1,28.841,19.266
883,44.15,28.801,19.374
884,44.2,28.536,19.217
885,44.25,28.95,19.067
886,44.3,28.976,19.13
887,44.35,29.064,19.119
888,44.4,29.433,19.193
889,44.45,29.446,18.868
890,44.5,29.348,18.65
891,44.55,29.293,18.714
892,44.6,29.22,18.421
893,44.65,29.122,18.497
894,44.7,28.434,18.27
895,44.75,28.89,18.026
896,44.8,28.822,17.951
897,44.85,28.672,18.15
898,44.9,28.473,18.073
899,44.95,28.305,17.912
900,45.0,28.377,17.645
901,45.05,28.042,17.534
902,45.1,28.068,17.489
903,45.15,28.168,17.519
904,45.2,28.457,17.606
905,45.25,28.609,17.525
906,45.3,28.545,17.447
907,45.35,28.775,17.488
908,45.4,28.892,17.42
909,45.45,28.307,17.384
910,45.5,28.38,17.474
911,45.55,28.407,17.72
912,45.6,28.283,17.575
913,45.65,27.875,17.653
914,45.7,27.918,17.789
915,45.75,28.229,17.752
916,45.8,28.076,17.866
917,45.85,28.284,17.547
918,45.9,28.262,17.662
919,45.95,28.011,17.554
920,46.0,27.93,17.317
921,46.05,27.67,17.272
922,46.1,27.495,16.946
923,46.15,27.7,17.338
924,46.2,27.531,17.26
925,46.25,27.756,17.11
926,46.3,27.618,17.229
927,46.35,27.502,17.262
928,46.4,27.997,17.218
929,46.45,28.336,17.009
930,46.5,28.095,16.991
931,46.55,28.184,16.7
932,46.6,28.212,16.9
933,46.65,28.199,17.06
934,46.7,28.253,17.063
935,46.75,28.32,17.337
936,46.8,28.104,17.363
937,46.85,28.081,17.776
938,46.9,27.993,17.676
939,46.95,28.265,17.758
940,47.0,28.345,18.098
941,47.05,28.012,18.461
942,47.1,27.99,18.057
943,47.15,28.001,18.121
944,47.2,27.777,18.403
945,47.25,27.824,18.274
946,47.3,27.743,18.501
947,47.35,27.657,18.332
948,47.4,27.911,18.381
949,47.45,28.422,18.698
950,47.5,28.608,18.781
951,47.55,28.411,18.696
952,47.6,28.408,18.599
953,47.65,28.586,18.542
954,47.7,28.912,18.165
955,47.75,29.074,17.882
956,47.8,28.781,17.958
957,47.85,28.841,17.806
958,47.9,29.113,17.952
959,47.95,29.168,17.87
960,48.0,29.311,18.099
961,48.05,29.36,17.991
962,48.1,29.712,17.752
963,48.15,29.463,17.818
964,48.2,29.72,17.674
965,48.25,29.619,17.456
966,48.3,29.518,17.595
967,48.35,29.373,17.573
968,48.4,29.418,17.079
969,48.45,29.452,17.201
970,48.5,29.383,17.211
971,48.55,29.61,17.416
972,48.6,29.852,17.258
973,48.65,29.927,17.452
974,48.7,30.226,17.439
975,48.75,30.456,17.505
976,48.8,30.446,17.622
977,48.85,30.375,17.796
978,48.9,30.417,17.471
979,48.95,30.523,17.507
980,49.0,30.486,17.561
981,49.05,30.713,17.087
982,49.1,30.609,16.905
983,49.15,30.379,16.945
984,49.2,30.375,16.857
985,49.25,30.388,17.099
986,49.3,30.369,16.91
987,49.35,30.42,17.158
988,49.4,30.685,17.207
989,49.45,30.529,16.894
990,49.5,30.51,16.827
991,49.55,30.739,16.95
992,49.6,30.669,16.945
993,49.65,30.233,17.096
994,49.7,29.934,16.681
995,49.75,29.981,16.763
996,49.8,30.011,17.273
997,49.85,29.901,17.274
998,49.9,29.546,17.558
999,49.95,29.531,17.563
1000,50.0,29.559,17.895
1001,50.05,29.879,17.833
1002,50.1,30.003,17.436
1003,50.15,29.586,17.486
1004,50.2,29.789,17.586
1005,50.25,29.696,17.355
1006,50.3,29.887,17.495
1007,50.35,29.865,17.574
1008,50.4,29.591,17.677
1009,50.45,29.419,17.504
1010,50.5,29.432,17.713
1011,50.55,29.152,17.693
1012,50.6,29.524,17.45
1013,50.65,29.249,17.087
1014,50.7,29.078,16.797
1015,50.75,29.028,16.52
1016,50.8,29.409,16.489
1017,50.85,29.531,16.714
1018,50.9,29.826,17.252
1019,50.95,29.756,17.15
1020,51.0,29.902,16.852
1021,51.05,29.881,16.924
1022,51.1,29.907,16.972
1023,51.15,29.749,16.874
1024,51.2,29.576,16.813
1025,51.25,29.251,16.58
1026,51.3,29.281,16.66
1027,51.35,29.311,16.71
1028,51.4,29.019,17.14
1029,51.45,29.15,17.348
1030,51.5,29.146,17.381
1031,51.55,28.857,17.908
1032,51.6,29.19,17.938
1033,51.65,29.355,17.686
1034,51.7,29.796,18.098
1035,51.75,30.014,17.965
1036,51.8,30.049,18.14
1037,51.85,29.935,18.25
1038,51.9,29.558,18.394
1039,51.95,29.935,18.438
1040,52.0,29.504,18.248
1041,52.05,29.569,18.375
1042,52.1,29.675,18.472
1043,52.15,30.025,18.262
1044,52.2,30.26,18.619
1045,52.25,30.073,18.86
1046,52.3,29.991,19.106
1047,52.35,30.214,19.46
1048,52.4,29.962,19.769
1049,52.45,29.949,20.007
1050,52.5,29.806,19.845
1051,52.55,30.043,19.785
1052,52.6,29.827,19.983
1053,52.65,30.086,20.388
1054,52.7,30.052,20.273
1055,52.75,30.356,20.333
1056,52.8,30.291,20.757
1057,52.85,30.606,20.917
1058,52.9,30.752,21.049
1059,52.95,30.747,20.918
1060,53.0,30.463,21.077
1061,53.05,30.491,21.475
1062,53.1,30.781,21.726
1063,53.15,30.685,21.8
1064,53.2,30.501,22.102
1065,53.25,30.594,21.991
1066,53.3,30.388,22.153
1067,53.35,30.47,22.075
1068,53.4,30.67,22.332
1069,53.45,30.683,22.477
1070,53.5,30.443,22.564
1071,53.55,30.275,22.443
1072,53.6,30.144,22.414
1073,53.65,29.707,22.45
1074,53.7,29.69,22.697
1075,53.75,29.572,22.149
1076,53.8,29.109,22.015
1077,53.85,29.423,21.836
1078,53.9,29.183,21.896
1079,53.95,28.81,22.169
1080,54.0,28.466,22.535
1081,54.05,28.628,22.821
1082,54.1,28.821,22.736
1083,54.15,28.908,22.84
1084,54.2,28.651,23.021
1085,54.25,28.642,22.941
1086,54.3,28.515,22.9
1087,54.35,28.529,22.978
1088,54.4,28.183,23.204
1089,54.45,28.228,23.041
1090,54.5,28.279,22.98
1091,54.55,27.972,23.228
1092,54.6,28.093,23.276
1093,54.65,28.079,23.245
1094,54.7,27.834,23.334
1095,54.75,27.649,23.218
1096,54.8,27.701,23.391
1097,54.85,27.336,23.201
1098,54.9,27.239,23.078
1099,54.95,27.492,23.089
1100,55.0,27.068,23.451
1101,55.05,27.28,23.51
1102,55.1,27.184,23.29
1103,55.15,27.231,23.586
1104,55.2,27.264,23.403
1105,55.25,27.536,23.271
1106,55.3,27.501,23.148
1107,55.35,27.621,23.132
1108,55.4,27.676,22.984
1109,55.45,27.851,23.003
1110,55.5,27.986,22.932
1111,55.55,28.184,23.015
1112,55.6,27.873,22.846
1113,55.65,27.976,22.987
1114,55.7,28.06,22.964
1115,55.75,27.769,22.956
1116,55.8,27.763,23.227
1117,55.85,27.781,23.204
1118,55.9,27.724,23.315
1119,55.95,27.503,23.185
1120,56.0,27.29,23.786
1121,56.05,27.226,23.644
1122,56.1,26.731,23.641
1123,56.15,26.509,23.764
1124,56.2,26.517,23.956
1125,56.25,26.384,23.877
1126,56.3,26.667,23.927
1127,56.35,26.72,23.842
1128,56.4,26.74,23.918
1129,56.45,26.654,23.507
1130,56.5,26.571,23.659
1131,56.55,26.419,23.708
1132,56.6,26.052,24.147
1133,56.65,26.082,23.861
1134,56.7,26.243,23.583
1135,56.75,26.027,23.556
1136,56.8,26.083,23.553
1137,56.85,26.137,23.514
1138,56.9,25.992,23.653
1139,56.95,26.358,23.669
1140,57.0,26.209,23.871
1141,57.05,26.239,23.753
1142,57.1,26.219,23.598
1143,57.15,26.311,23.471
1144,57.2,26.168,23.337
1145,57.25,26.257,23.408
1146,57.3,26.215,23.53
1147,57.35,26.017,23.351
1148,57.4,25.464,23.649
1149,57.45,25.378,23.758
1150,57.5,25.3,23.669
1151,57.55,25.243,23.422
1152,57.6,25.297,23.198
1153,57.65,25.134,23.603
1154,57.7,24.882,23.595
1155,57.75,25.071,23.823
1156,57.8,25.223,23.987
1157,57.85,25.107,23.583
1158,57.9,25.174,23.428
1159,57.95,24.938,23.414
1160,58.0,24.576,23.407
1161,58.05,24.769,23.523
1162,58.1,24.869,23.362
1163,58.15,24.975,23.222
1164,58.2,24.802,23.078
1165,58.25,24.849,23.033
1166,58.3,24.952,22.852
1167,58.35,25.198,22.919
1168,58.4,25.244,22.551
1169,58.45,25.047,22.589
1170,58.5,25.07,22.979
1171,58.55,24.955,23.023
1172,58.6,24.768,23.031
1173,58.65,24.972,23.047
1174,58.7,24.728,23.18
1175,58.75,24.681,23.159
1176,58.8,24.77,23.13
1177,58.85,24.397,22.959
1178,58.9,24.387,23.445
1179,58.95,24.301,23.854
1180,59.0,24.356,23.665
1181,59.05,24.4,23.5
1182,59.1,24.19,23.3
1183,59.15,24.222,23.297
1184,59.2,24.233,23.625
1185,59.25,24.003,23.572
1186,59.3,23.916,23.716
1187,59.35,24.241,23.699
1188,59.4,24.097,23.616
1189,59.45,24.32,23.41
1190,59.5,23.883,22.913
1191,59.55,23.8,23.041
1192,59.6,24.117,23.197
1193,59.65,24.252,22.673
1194,59.7,24.565,23.011
1195,59.75,24.208,23.244
1196,59.8,24.464,23.476
1197,59.85,24.201,23.631
1198,59.9,24.202,23.789
1199,59.95,24.265,23.81
